id,iso2Code,name,region,adminregion,incomeLevel,lendingType,capitalCity,longitude,latitude,num_of_weather_station,land_area_sq_km
ABW,AW,Aruba,Latin America & Caribbean ,,High income,Not classified,Oranjestad,-70.0167,12.5167,1,9147420
AFG,AF,Afghanistan,South Asia,South Asia,Low income,IDA,Kabul,69.1761,34.5228,38,9147420
AGO,AO,Angola,Sub-Saharan Africa ,Sub-Saharan Africa (excluding high income),Lower middle income,IBRD,Luanda,13.242,-8.81155,19,9147420
ALB,AL,Albania,Europe & Central Asia,Europe & Central Asia (excluding high income),Upper middle income,IBRD,Tirane,19.8172,41.3317,10,9147420
AND,AD,Andorra,Europe & Central Asia,,High income,Not classified,Andorra la Vella,1.5218,42.5075,0,9147420
ARE,AE,United Arab Emirates,Middle East & North Africa,,High income,Not classified,Abu Dhabi,54.3705,24.4764,15,9147420
ARG,AR,Argentina,Latin America & Caribbean ,Latin America & Caribbean (excluding high income),Upper middle income,IBRD,Buenos Aires,-58.4173,-34.6118,114,9147420
ARM,AM,Armenia,Europe & Central Asia,Europe & Central Asia (excluding high income),Upper middle income,IBRD,Yerevan,44.50899999999999,40.1596,41,9147420
ASM,AS,American Samoa,East Asia & Pacific,East Asia & Pacific (excluding high income),Upper middle income,Not classified,Pago Pago,-170.69099999999997,-14.2846,0,9147420
ATG,AG,Antigua and Barbuda,Latin America & Caribbean ,,High income,IBRD,Saint John's,-61.8456,17.1175,2,9147420
AUS,AU,Australia,East Asia & Pacific,,High income,Not classified,Canberra,149.129,-35.282,809,9147420
AUT,AT,Austria,Europe & Central Asia,,High income,Not classified,Vienna,16.3798,48.2201,44,9147420
AZE,AZ,Azerbaijan,Europe & Central Asia,Europe & Central Asia (excluding high income),Upper middle income,IBRD,Baku,49.8932,40.3834,61,9147420
BDI,BI,Burundi,Sub-Saharan Africa ,Sub-Saharan Africa (excluding high income),Low income,IDA,Bujumbura,29.3639,-3.3784,2,9147420
BEL,BE,Belgium,Europe & Central Asia,,High income,Not classified,Brussels,4.36761,50.8371,35,9147420
BEN,BJ,Benin,Sub-Saharan Africa ,Sub-Saharan Africa (excluding high income),Lower middle income,IDA,Porto-Novo,2.6323,6.4779,6,9147420
BFA,BF,Burkina Faso,Sub-Saharan Africa ,Sub-Saharan Africa (excluding high income),Low income,IDA,Ouagadougou,-1.53395,12.3605,9,9147420
BGD,BD,Bangladesh,South Asia,South Asia,Lower middle income,IDA,Dhaka,90.4113,23.7055,12,9147420
BGR,BG,Bulgaria,Europe & Central Asia,Europe & Central Asia (excluding high income),Upper middle income,IBRD,Sofia,23.3238,42.7105,12,9147420
BHR,BH,Bahrain,Middle East & North Africa,,High income,Not classified,Manama,50.5354,26.1921,1,9147420
BHS,BS,"Bahamas, The",Latin America & Caribbean ,,High income,Not classified,Nassau,-77.339,25.0661,10,9147420
BIH,BA,Bosnia and Herzegovina,Europe & Central Asia,Europe & Central Asia (excluding high income),Upper middle income,IBRD,Sarajevo,18.4214,43.8607,23,9147420
BLR,BY,Belarus,Europe & Central Asia,Europe & Central Asia (excluding high income),Upper middle income,IBRD,Minsk,27.5766,53.9678,39,9147420
BLZ,BZ,Belize,Latin America & Caribbean ,Latin America & Caribbean (excluding high income),Upper middle income,IBRD,Belmopan,-88.7713,17.2534,1,9147420
BMU,BM,Bermuda,North America,,High income,Not classified,Hamilton,-64.706,32.3293,1,9147420
BOL,BO,Bolivia,Latin America & Caribbean ,Latin America & Caribbean (excluding high income),Lower middle income,IBRD,La Paz,-66.1936,-13.9908,46,9147420
BRA,BR,Brazil,Latin America & Caribbean ,Latin America & Caribbean (excluding high income),Upper middle income,IBRD,Brasilia,-47.9292,-15.7801,713,9147420
BRB,BB,Barbados,Latin America & Caribbean ,,High income,Not classified,Bridgetown,-59.6105,13.0935,2,9147420
BRN,BN,Brunei Darussalam,East Asia & Pacific,,High income,Not classified,Bandar Seri Begawan,114.946,4.9419900000000005,1,9147420
BTN,BT,Bhutan,South Asia,South Asia,Lower middle income,IDA,Thimphu,89.6177,27.5768,1,9147420
BWA,BW,Botswana,Sub-Saharan Africa ,Sub-Saharan Africa (excluding high income),Upper middle income,IBRD,Gaborone,25.9201,-24.6544,14,9147420
CAF,CF,Central African Republic,Sub-Saharan Africa ,Sub-Saharan Africa (excluding high income),Low income,IDA,Bangui,21.6407,5.63056,14,9147420
CAN,CA,Canada,North America,,High income,Not classified,Ottawa,-75.6919,45.4215,953,9147420
CHE,CH,Switzerland,Europe & Central Asia,,High income,Not classified,Bern,7.44821,46.948,24,9147420
CHI,JG,Channel Islands,Europe & Central Asia,,High income,Not classified,,,,0,9147420
CHL,CL,Chile,Latin America & Caribbean ,,High income,IBRD,Santiago,-70.6475,-33.475,49,9147420
CHN,CN,China,East Asia & Pacific,East Asia & Pacific (excluding high income),Upper middle income,IBRD,Beijing,116.286,40.0495,242,9147420
CIV,CI,Cote d'Ivoire,Sub-Saharan Africa ,Sub-Saharan Africa (excluding high income),Lower middle income,IDA,Yamoussoukro,-4.0305,5.332000000000001,14,9147420
CMR,CM,Cameroon,Sub-Saharan Africa ,Sub-Saharan Africa (excluding high income),Lower middle income,Blend,Yaounde,11.5174,3.8721,24,9147420
COD,CD,"Congo, Dem. Rep.",Sub-Saharan Africa ,Sub-Saharan Africa (excluding high income),Low income,IDA,Kinshasa,15.3222,-4.325,29,9147420
COG,CG,"Congo, Rep.",Sub-Saharan Africa ,Sub-Saharan Africa (excluding high income),Lower middle income,Blend,Brazzaville,15.2662,-4.2767,19,9147420
COL,CO,Colombia,Latin America & Caribbean ,Latin America & Caribbean (excluding high income),Upper middle income,IBRD,Bogota,-74.082,4.60987,53,9147420
COM,KM,Comoros,Sub-Saharan Africa ,Sub-Saharan Africa (excluding high income),Lower middle income,IDA,Moroni,43.2418,-11.6986,3,9147420
CPV,CV,Cabo Verde,Sub-Saharan Africa ,Sub-Saharan Africa (excluding high income),Lower middle income,Blend,Praia,-23.5087,14.9218,6,9147420
CRI,CR,Costa Rica,Latin America & Caribbean ,Latin America & Caribbean (excluding high income),Upper middle income,IBRD,San Jose,-84.0089,9.63701,8,9147420
CUB,CU,Cuba,Latin America & Caribbean ,Latin America & Caribbean (excluding high income),Upper middle income,Not classified,Havana,-82.3667,23.1333,24,9147420
CUW,CW,Curacao,Latin America & Caribbean ,,High income,Not classified,Willemstad,,,0,9147420
CYM,KY,Cayman Islands,Latin America & Caribbean ,,High income,Not classified,George Town,-81.3857,19.3022,2,9147420
CYP,CY,Cyprus,Europe & Central Asia,,High income,Not classified,Nicosia,33.3736,35.1676,5,9147420
CZE,CZ,Czech Republic,Europe & Central Asia,,High income,Not classified,Prague,14.4205,50.0878,21,9147420
DEU,DE,Germany,Europe & Central Asia,,High income,Not classified,Berlin,13.4115,52.5235,1122,9147420
DJI,DJ,Djibouti,Middle East & North Africa,Middle East & North Africa (excluding high income),Lower middle income,IDA,Djibouti,43.1425,11.5806,2,9147420
DMA,DM,Dominica,Latin America & Caribbean ,Latin America & Caribbean (excluding high income),Upper middle income,Blend,Roseau,-61.39,15.2976,3,9147420
DNK,DK,Denmark,Europe & Central Asia,,High income,Not classified,Copenhagen,12.5681,55.6763,36,9147420
DOM,DO,Dominican Republic,Latin America & Caribbean ,Latin America & Caribbean (excluding high income),Upper middle income,IBRD,Santo Domingo,-69.8908,18.479,10,9147420
DZA,DZ,Algeria,Middle East & North Africa,Middle East & North Africa (excluding high income),Lower middle income,IBRD,Algiers,3.05097,36.7397,79,9147420
ECU,EC,Ecuador,Latin America & Caribbean ,Latin America & Caribbean (excluding high income),Upper middle income,IBRD,Quito,-78.5243,-0.229498,49,9147420
EGY,EG,"Egypt, Arab Rep.",Middle East & North Africa,Middle East & North Africa (excluding high income),Lower middle income,IBRD,Cairo,31.2461,30.0982,35,9147420
ERI,ER,Eritrea,Sub-Saharan Africa ,Sub-Saharan Africa (excluding high income),Low income,IDA,Asmara,38.9183,15.3315,1,9147420
ESP,ES,Spain,Europe & Central Asia,,High income,Not classified,Madrid,-3.70327,40.4167,96,9147420
EST,EE,Estonia,Europe & Central Asia,,High income,Not classified,Tallinn,24.7586,59.4392,28,9147420
ETH,ET,Ethiopia,Sub-Saharan Africa ,Sub-Saharan Africa (excluding high income),Low income,IDA,Addis Ababa,38.7468,9.022739999999999,26,9147420
FIN,FI,Finland,Europe & Central Asia,,High income,Not classified,Helsinki,24.9525,60.1608,174,9147420
FJI,FJ,Fiji,East Asia & Pacific,East Asia & Pacific (excluding high income),Upper middle income,Blend,Suva,178.399,-18.1149,22,9147420
FRA,FR,France,Europe & Central Asia,,High income,Not classified,Paris,2.3509700000000002,48.8566,218,9147420
FRO,FO,Faroe Islands,Europe & Central Asia,,High income,Not classified,Torshavn,-6.911810000000001,61.8926,0,9147420
FSM,FM,"Micronesia, Fed. Sts.",East Asia & Pacific,East Asia & Pacific (excluding high income),Lower middle income,IDA,Palikir,158.185,6.9177100000000005,13,9147420
GAB,GA,Gabon,Sub-Saharan Africa ,Sub-Saharan Africa (excluding high income),Upper middle income,IBRD,Libreville,9.45162,0.38832,15,9147420
GBR,GB,United Kingdom,Europe & Central Asia,,High income,Not classified,London,-0.126236,51.5002,153,9147420
GEO,GE,Georgia,Europe & Central Asia,Europe & Central Asia (excluding high income),Upper middle income,IBRD,Tbilisi,44.793,41.71,33,9147420
GHA,GH,Ghana,Sub-Saharan Africa ,Sub-Saharan Africa (excluding high income),Lower middle income,IDA,Accra,-0.20795,5.57045,22,9147420
GIB,GI,Gibraltar,Europe & Central Asia,,High income,Not classified,,,,1,9147420
GIN,GN,Guinea,Sub-Saharan Africa ,Sub-Saharan Africa (excluding high income),Low income,IDA,Conakry,-13.7,9.51667,12,9147420
GMB,GM,"Gambia, The",Sub-Saharan Africa ,Sub-Saharan Africa (excluding high income),Low income,IDA,Banjul,-16.5885,13.4495,1,9147420
GNB,GW,Guinea-Bissau,Sub-Saharan Africa ,Sub-Saharan Africa (excluding high income),Low income,IDA,Bissau,-15.1804,11.8037,3,9147420
GNQ,GQ,Equatorial Guinea,Sub-Saharan Africa ,Sub-Saharan Africa (excluding high income),Upper middle income,IBRD,Malabo,8.7741,3.7523,2,9147420
GRC,GR,Greece,Europe & Central Asia,,High income,Not classified,Athens,23.7166,37.9792,46,9147420
GRD,GD,Grenada,Latin America & Caribbean ,Latin America & Caribbean (excluding high income),Upper middle income,Blend,Saint George's,-61.7449,12.0653,1,9147420
GRL,GL,Greenland,Europe & Central Asia,,High income,Not classified,Nuuk,-51.7214,64.1836,42,9147420
GTM,GT,Guatemala,Latin America & Caribbean ,Latin America & Caribbean (excluding high income),Upper middle income,IBRD,Guatemala City,-90.5328,14.6248,13,9147420
GUM,GU,Guam,East Asia & Pacific,,High income,Not classified,Agana,144.79399999999998,13.4443,0,9147420
GUY,GY,Guyana,Latin America & Caribbean ,Latin America & Caribbean (excluding high income),Upper middle income,IDA,Georgetown,-58.1548,6.80461,8,9147420
HKG,HK,"Hong Kong SAR, China",East Asia & Pacific,,High income,Not classified,,114.109,22.3964,4,9147420
HND,HN,Honduras,Latin America & Caribbean ,Latin America & Caribbean (excluding high income),Lower middle income,IDA,Tegucigalpa,-87.4667,15.1333,18,9147420
HRV,HR,Croatia,Europe & Central Asia,,High income,IBRD,Zagreb,15.9614,45.8069,43,9147420
HTI,HT,Haiti,Latin America & Caribbean ,Latin America & Caribbean (excluding high income),Low income,IDA,Port-au-Prince,-72.3288,18.5392,1,9147420
HUN,HU,Hungary,Europe & Central Asia,,High income,Not classified,Budapest,19.0408,47.4984,40,9147420
IDN,ID,Indonesia,East Asia & Pacific,East Asia & Pacific (excluding high income),Upper middle income,IBRD,Jakarta,106.83,-6.19752,133,9147420
IMN,IM,Isle of Man,Europe & Central Asia,,High income,Not classified,Douglas,-4.47928,54.1509,0,9147420
IND,IN,India,South Asia,South Asia,Lower middle income,IBRD,New Delhi,77.225,28.6353,454,9147420
IRL,IE,Ireland,Europe & Central Asia,,High income,Not classified,Dublin,-6.2674900000000004,53.3441,21,9147420
IRN,IR,"Iran, Islamic Rep.",Middle East & North Africa,Middle East & North Africa (excluding high income),Upper middle income,IBRD,Tehran,51.4447,35.6878,90,9147420
IRQ,IQ,Iraq,Middle East & North Africa,Middle East & North Africa (excluding high income),Upper middle income,IBRD,Baghdad,44.394,33.3302,32,9147420
ISL,IS,Iceland,Europe & Central Asia,,High income,Not classified,Reykjavik,-21.8952,64.1353,19,9147420
ISR,IL,Israel,Middle East & North Africa,,High income,Not classified,,35.2035,31.7717,11,9147420
ITA,IT,Italy,Europe & Central Asia,,High income,Not classified,Rome,12.4823,41.8955,164,9147420
JAM,JM,Jamaica,Latin America & Caribbean ,Latin America & Caribbean (excluding high income),Upper middle income,IBRD,Kingston,-76.792,17.9927,2,9147420
JOR,JO,Jordan,Middle East & North Africa,Middle East & North Africa (excluding high income),Upper middle income,IBRD,Amman,35.9263,31.9497,9,9147420
JPN,JP,Japan,East Asia & Pacific,,High income,Not classified,Tokyo,139.77,35.67,277,9147420
KAZ,KZ,Kazakhstan,Europe & Central Asia,Europe & Central Asia (excluding high income),Upper middle income,IBRD,Astana,71.4382,51.1879,129,9147420
KEN,KE,Kenya,Sub-Saharan Africa ,Sub-Saharan Africa (excluding high income),Lower middle income,Blend,Nairobi,36.8126,-1.27975,31,9147420
KGZ,KG,Kyrgyz Republic,Europe & Central Asia,Europe & Central Asia (excluding high income),Lower middle income,IDA,Bishkek,74.6057,42.8851,16,9147420
KHM,KH,Cambodia,East Asia & Pacific,East Asia & Pacific (excluding high income),Lower middle income,IDA,Phnom Penh,104.874,11.5556,4,9147420
KIR,KI,Kiribati,East Asia & Pacific,East Asia & Pacific (excluding high income),Lower middle income,IDA,Tarawa,172.979,1.32905,6,9147420
KNA,KN,St. Kitts and Nevis,Latin America & Caribbean ,,High income,IBRD,Basseterre,-62.7309,17.3,1,9147420
KOR,KR,"Korea, Rep.",East Asia & Pacific,,High income,Not classified,Seoul,126.95700000000001,37.5323,68,9147420
KWT,KW,Kuwait,Middle East & North Africa,,High income,Not classified,Kuwait City,47.9824,29.3721,12,9147420
LAO,LA,Lao PDR,East Asia & Pacific,East Asia & Pacific (excluding high income),Lower middle income,IDA,Vientiane,102.177,18.5826,21,9147420
LBN,LB,Lebanon,Middle East & North Africa,Middle East & North Africa (excluding high income),Upper middle income,IBRD,Beirut,35.5134,33.8872,4,9147420
LBR,LR,Liberia,Sub-Saharan Africa ,Sub-Saharan Africa (excluding high income),Low income,IDA,Monrovia,-10.7957,6.30039,2,9147420
LBY,LY,Libya,Middle East & North Africa,Middle East & North Africa (excluding high income),Upper middle income,IBRD,Tripoli,13.1072,32.8578,26,9147420
LCA,LC,St. Lucia,Latin America & Caribbean ,Latin America & Caribbean (excluding high income),Upper middle income,Blend,Castries,-60.9832,14.0,2,9147420
LIE,LI,Liechtenstein,Europe & Central Asia,,High income,Not classified,Vaduz,9.52148,47.1411,1,9147420
LKA,LK,Sri Lanka,South Asia,South Asia,Lower middle income,IBRD,Colombo,79.8528,6.92148,10,9147420
LSO,LS,Lesotho,Sub-Saharan Africa ,Sub-Saharan Africa (excluding high income),Lower middle income,IDA,Maseru,27.7167,-29.5208,2,9147420
LTU,LT,Lithuania,Europe & Central Asia,,High income,Not classified,Vilnius,25.2799,54.6896,21,9147420
LUX,LU,Luxembourg,Europe & Central Asia,,High income,Not classified,Luxembourg,6.1296,49.61,1,9147420
LVA,LV,Latvia,Europe & Central Asia,,High income,Not classified,Riga,24.1048,56.9465,26,9147420
MAC,MO,"Macao SAR, China",East Asia & Pacific,,High income,Not classified,,113.55,22.1667,1,9147420
MAF,MF,St. Martin (French part),Latin America & Caribbean ,,High income,Not classified,Marigot,,,0,9147420
MAR,MA,Morocco,Middle East & North Africa,Middle East & North Africa (excluding high income),Lower middle income,IBRD,Rabat,-6.8704,33.9905,31,9147420
MCO,MC,Monaco,Europe & Central Asia,,High income,Not classified,Monaco,7.41891,43.7325,0,9147420
MDA,MD,Moldova,Europe & Central Asia,Europe & Central Asia (excluding high income),Lower middle income,IBRD,Chisinau,28.8497,47.0167,20,9147420
MDG,MG,Madagascar,Sub-Saharan Africa ,Sub-Saharan Africa (excluding high income),Low income,IDA,Antananarivo,45.7167,-20.4667,30,9147420
MDV,MV,Maldives,South Asia,South Asia,Upper middle income,IDA,Male,73.5109,4.1742,5,9147420
MEX,MX,Mexico,Latin America & Caribbean ,Latin America & Caribbean (excluding high income),Upper middle income,IBRD,Mexico City,-99.1276,19.427,115,9147420
MHL,MH,Marshall Islands,East Asia & Pacific,East Asia & Pacific (excluding high income),Upper middle income,IDA,Majuro,171.135,7.110460000000001,9,9147420
MKD,MK,North Macedonia,Europe & Central Asia,Europe & Central Asia (excluding high income),Upper middle income,IBRD,Skopje,21.4361,42.0024,19,9147420
MLI,ML,Mali,Sub-Saharan Africa ,Sub-Saharan Africa (excluding high income),Low income,IDA,Bamako,-7.50034,13.5667,20,9147420
MLT,MT,Malta,Middle East & North Africa,,High income,Not classified,Valletta,14.5189,35.9042,2,9147420
MMR,MM,Myanmar,East Asia & Pacific,East Asia & Pacific (excluding high income),Lower middle income,IDA,Naypyidaw,95.9562,21.914,22,9147420
MNE,ME,Montenegro,Europe & Central Asia,Europe & Central Asia (excluding high income),Upper middle income,IBRD,Podgorica,19.2595,42.4602,0,9147420
MNG,MN,Mongolia,East Asia & Pacific,East Asia & Pacific (excluding high income),Lower middle income,IBRD,Ulaanbaatar,106.93700000000001,47.9129,43,9147420
MNP,MP,Northern Mariana Islands,East Asia & Pacific,,High income,Not classified,Saipan,145.765,15.1935,0,9147420
MOZ,MZ,Mozambique,Sub-Saharan Africa ,Sub-Saharan Africa (excluding high income),Low income,IDA,Maputo,32.5713,-25.9664,25,9147420
MRT,MR,Mauritania,Sub-Saharan Africa ,Sub-Saharan Africa (excluding high income),Lower middle income,IDA,Nouakchott,-15.9824,18.2367,14,9147420
MUS,MU,Mauritius,Sub-Saharan Africa ,,High income,IBRD,Port Louis,57.4977,-20.1605,5,9147420
MWI,MW,Malawi,Sub-Saharan Africa ,Sub-Saharan Africa (excluding high income),Low income,IDA,Lilongwe,33.7703,-13.9899,21,9147420
MYS,MY,Malaysia,East Asia & Pacific,East Asia & Pacific (excluding high income),Upper middle income,IBRD,Kuala Lumpur,101.684,3.12433,26,9147420
NAM,NA,Namibia,Sub-Saharan Africa ,Sub-Saharan Africa (excluding high income),Upper middle income,IBRD,Windhoek,17.0931,-22.5648,0,9147420
NCL,NC,New Caledonia,East Asia & Pacific,,High income,Not classified,Noum'ea,166.46400000000003,-22.2677,11,9147420
NER,NE,Niger,Sub-Saharan Africa ,Sub-Saharan Africa (excluding high income),Low income,IDA,Niamey,2.1073,13.514000000000001,16,9147420
NGA,NG,Nigeria,Sub-Saharan Africa ,Sub-Saharan Africa (excluding high income),Lower middle income,Blend,Abuja,7.48906,9.05804,24,9147420
NIC,NI,Nicaragua,Latin America & Caribbean ,Latin America & Caribbean (excluding high income),Lower middle income,IDA,Managua,-86.2734,12.1475,8,9147420
NLD,NL,Netherlands,Europe & Central Asia,,High income,Not classified,Amsterdam,4.89095,52.3738,63,9147420
NOR,NO,Norway,Europe & Central Asia,,High income,Not classified,Oslo,10.7387,59.9138,264,9147420
NPL,NP,Nepal,South Asia,South Asia,Lower middle income,IDA,Kathmandu,85.3157,27.6939,15,9147420
NRU,NR,Nauru,East Asia & Pacific,,High income,IBRD,Yaren District,166.920867,-0.5477,2,9147420
NZL,NZ,New Zealand,East Asia & Pacific,,High income,Not classified,Wellington,174.77599999999998,-41.2865,52,9147420
OMN,OM,Oman,Middle East & North Africa,,High income,Not classified,Muscat,58.5874,23.6105,28,9147420
PAK,PK,Pakistan,South Asia,South Asia,Lower middle income,Blend,Islamabad,72.8,30.5167,54,9147420
PAN,PA,Panama,Latin America & Caribbean ,,High income,IBRD,Panama City,-79.5188,8.99427,19,9147420
PER,PE,Peru,Latin America & Caribbean ,Latin America & Caribbean (excluding high income),Upper middle income,IBRD,Lima,-77.0465,-12.0931,42,9147420
PHL,PH,Philippines,East Asia & Pacific,East Asia & Pacific (excluding high income),Lower middle income,IBRD,Manila,121.035,14.5515,62,9147420
PLW,PW,Palau,East Asia & Pacific,,High income,IBRD,Koror,134.47899999999998,7.341939999999999,1,9147420
PNG,PG,Papua New Guinea,East Asia & Pacific,East Asia & Pacific (excluding high income),Lower middle income,Blend,Port Moresby,147.194,-9.47357,17,9147420
POL,PL,Poland,Europe & Central Asia,,High income,IBRD,Warsaw,21.02,52.26,76,9147420
PRI,PR,Puerto Rico,Latin America & Caribbean ,,High income,Not classified,San Juan,-66.0,18.23,4,9147420
PRK,KP,"Korea, Dem. People's Rep.",East Asia & Pacific,East Asia & Pacific (excluding high income),Low income,Not classified,Pyongyang,125.75399999999999,39.0319,7,9147420
PRT,PT,Portugal,Europe & Central Asia,,High income,Not classified,Lisbon,-9.13552,38.7072,33,9147420
PRY,PY,Paraguay,Latin America & Caribbean ,Latin America & Caribbean (excluding high income),Upper middle income,IBRD,Asuncion,-57.6362,-25.3005,28,9147420
PSE,PS,West Bank and Gaza,Middle East & North Africa,Middle East & North Africa (excluding high income),Lower middle income,Not classified,,,,0,9147420
PYF,PF,French Polynesia,East Asia & Pacific,,High income,Not classified,Papeete,-149.57,-17.535,13,9147420
QAT,QA,Qatar,Middle East & North Africa,,High income,Not classified,Doha,51.5082,25.2948,9,9147420
ROU,RO,Romania,Europe & Central Asia,,High income,IBRD,Bucharest,26.0979,44.4479,161,9147420
RUS,RU,Russian Federation,Europe & Central Asia,Europe & Central Asia (excluding high income),Upper middle income,IBRD,Moscow,37.6176,55.7558,1257,9147420
RWA,RW,Rwanda,Sub-Saharan Africa ,Sub-Saharan Africa (excluding high income),Low income,IDA,Kigali,30.0587,-1.95325,4,9147420
SAU,SA,Saudi Arabia,Middle East & North Africa,,High income,Not classified,Riyadh,46.6977,24.6748,39,9147420
SDN,SD,Sudan,Sub-Saharan Africa ,Sub-Saharan Africa (excluding high income),Low income,IDA,Khartoum,32.5363,15.5932,38,9147420
SEN,SN,Senegal,Sub-Saharan Africa ,Sub-Saharan Africa (excluding high income),Lower middle income,IDA,Dakar,-17.4734,14.7247,12,9147420
SGP,SG,Singapore,East Asia & Pacific,,High income,Not classified,Singapore,103.85,1.28941,3,9147420
SLB,SB,Solomon Islands,East Asia & Pacific,East Asia & Pacific (excluding high income),Lower middle income,IDA,Honiara,159.94899999999998,-9.42676,5,9147420
SLE,SL,Sierra Leone,Sub-Saharan Africa ,Sub-Saharan Africa (excluding high income),Low income,IDA,Freetown,-13.2134,8.4821,4,9147420
SLV,SV,El Salvador,Latin America & Caribbean ,Latin America & Caribbean (excluding high income),Lower middle income,IBRD,San Salvador,-89.2073,13.7034,6,9147420
SMR,SM,San Marino,Europe & Central Asia,,High income,Not classified,San Marino,12.4486,43.9322,0,9147420
SOM,SO,Somalia,Sub-Saharan Africa ,Sub-Saharan Africa (excluding high income),Low income,IDA,Mogadishu,45.3254,2.07515,5,9147420
SRB,RS,Serbia,Europe & Central Asia,Europe & Central Asia (excluding high income),Upper middle income,IBRD,Belgrade,20.4656,44.8024,27,9147420
SSD,SS,South Sudan,Sub-Saharan Africa ,Sub-Saharan Africa (excluding high income),Low income,IDA,Juba,31.6,4.85,0,9147420
STP,ST,Sao Tome and Principe,Sub-Saharan Africa ,Sub-Saharan Africa (excluding high income),Lower middle income,IDA,Sao Tome,6.6071,0.20618000000000003,2,9147420
SUR,SR,Suriname,Latin America & Caribbean ,Latin America & Caribbean (excluding high income),Upper middle income,IBRD,Paramaribo,-55.1679,5.8232,5,9147420
SVK,SK,Slovak Republic,Europe & Central Asia,,High income,Not classified,Bratislava,17.1073,48.1484,11,9147420
SVN,SI,Slovenia,Europe & Central Asia,,High income,Not classified,Ljubljana,14.5044,46.0546,19,9147420
SWE,SE,Sweden,Europe & Central Asia,,High income,Not classified,Stockholm,18.0645,59.3327,82,9147420
SWZ,SZ,Eswatini,Sub-Saharan Africa ,Sub-Saharan Africa (excluding high income),Lower middle income,IBRD,Mbabane,31.4659,-26.5225,4,9147420
SXM,SX,Sint Maarten (Dutch part),Latin America & Caribbean ,,High income,Not classified,Philipsburg,,,0,9147420
SYC,SC,Seychelles,Sub-Saharan Africa ,,High income,IBRD,Victoria,55.4466,-4.6309,3,9147420
SYR,SY,Syrian Arab Republic,Middle East & North Africa,Middle East & North Africa (excluding high income),Low income,IDA,Damascus,36.3119,33.5146,9,9147420
TCA,TC,Turks and Caicos Islands,Latin America & Caribbean ,,High income,Not classified,Grand Turk,-71.141389,21.460277800000004,2,9147420
TCD,TD,Chad,Sub-Saharan Africa ,Sub-Saharan Africa (excluding high income),Low income,IDA,N'Djamena,15.0445,12.1048,16,9147420
TGO,TG,Togo,Sub-Saharan Africa ,Sub-Saharan Africa (excluding high income),Low income,IDA,Lome,1.2255,6.1228,9,9147420
THA,TH,Thailand,East Asia & Pacific,East Asia & Pacific (excluding high income),Upper middle income,IBRD,Bangkok,100.521,13.7308,123,9147420
TJK,TJ,Tajikistan,Europe & Central Asia,Europe & Central Asia (excluding high income),Low income,IDA,Dushanbe,68.7864,38.5878,28,9147420
TKM,TM,Turkmenistan,Europe & Central Asia,Europe & Central Asia (excluding high income),Upper middle income,IBRD,Ashgabat,58.3794,37.9509,47,9147420
TLS,TL,Timor-Leste,East Asia & Pacific,East Asia & Pacific (excluding high income),Lower middle income,Blend,Dili,125.56700000000001,-8.56667,3,9147420
TON,TO,Tonga,East Asia & Pacific,East Asia & Pacific (excluding high income),Upper middle income,IDA,Nuku'alofa,-175.21599999999998,-21.136,6,9147420
TTO,TT,Trinidad and Tobago,Latin America & Caribbean ,,High income,IBRD,Port-of-Spain,-61.4789,10.6596,3,9147420
TUN,TN,Tunisia,Middle East & North Africa,Middle East & North Africa (excluding high income),Lower middle income,IBRD,Tunis,10.21,36.7899,15,9147420
TUR,TR,Turkey,Europe & Central Asia,Europe & Central Asia (excluding high income),Upper middle income,IBRD,Ankara,32.3606,39.7153,104,9147420
TUV,TV,Tuvalu,East Asia & Pacific,East Asia & Pacific (excluding high income),Upper middle income,IDA,Funafuti,179.089567,-8.6314877,4,9147420
TWN,TW,"Taiwan, China",East Asia & Pacific,,High income,Not classified,,,,26,9147420
TZA,TZ,Tanzania,Sub-Saharan Africa ,Sub-Saharan Africa (excluding high income),Lower middle income,IDA,Dodoma,35.7382,-6.17486,27,9147420
UGA,UG,Uganda,Sub-Saharan Africa ,Sub-Saharan Africa (excluding high income),Low income,IDA,Kampala,32.5729,0.314269,12,9147420
UKR,UA,Ukraine,Europe & Central Asia,Europe & Central Asia (excluding high income),Lower middle income,IBRD,Kiev,30.5038,50.4536,166,9147420
URY,UY,Uruguay,Latin America & Caribbean ,,High income,IBRD,Montevideo,-56.0675,-34.8941,21,9147420
USA,US,United States,North America,,High income,Not classified,Washington D.C.,-77.032,38.8895,2442,9147420
UZB,UZ,Uzbekistan,Europe & Central Asia,Europe & Central Asia (excluding high income),Lower middle income,Blend,Tashkent,69.26899999999999,41.3052,41,9147420
VCT,VC,St. Vincent and the Grenadines,Latin America & Caribbean ,Latin America & Caribbean (excluding high income),Upper middle income,Blend,Kingstown,-61.2653,13.2035,3,9147420
VEN,VE,"Venezuela, RB",Latin America & Caribbean ,Latin America & Caribbean (excluding high income),Upper middle income,IBRD,Caracas,-69.8371,9.08165,51,9147420
VGB,VG,British Virgin Islands,Latin America & Caribbean ,,High income,Not classified,Road Town,-64.623056,18.431389000000003,2,9147420
VIR,VI,Virgin Islands (U.S.),Latin America & Caribbean ,,High income,Not classified,Charlotte Amalie,-64.8963,18.3358,2,9147420
VNM,VN,Vietnam,East Asia & Pacific,East Asia & Pacific (excluding high income),Lower middle income,IBRD,Hanoi,105.825,21.0069,20,9147420
VUT,VU,Vanuatu,East Asia & Pacific,East Asia & Pacific (excluding high income),Lower middle income,IDA,Port-Vila,168.321,-17.7404,9,9147420
WSM,WS,Samoa,East Asia & Pacific,East Asia & Pacific (excluding high income),Upper middle income,IDA,Apia,-171.752,-13.8314,9,9147420
XKX,XK,Kosovo,Europe & Central Asia,Europe & Central Asia (excluding high income),Upper middle income,IDA,Pristina,20.926,42.565,2,9147420
YEM,YE,"Yemen, Rep.",Middle East & North Africa,Middle East & North Africa (excluding high income),Low income,IDA,Sana'a,44.2075,15.352,10,9147420
ZAF,ZA,South Africa,Sub-Saharan Africa ,Sub-Saharan Africa (excluding high income),Upper middle income,IBRD,Pretoria,28.1871,-25.746,135,9147420
ZMB,ZM,Zambia,Sub-Saharan Africa ,Sub-Saharan Africa (excluding high income),Lower middle income,IDA,Lusaka,28.2937,-15.3982,30,9147420
ZWE,ZW,Zimbabwe,Sub-Saharan Africa ,Sub-Saharan Africa (excluding high income),Lower middle income,Blend,Harare,31.0672,-17.8312,21,9147420
